INSERT INTO WLT_USER(ID, EMAIL, PASSWORD_HASH, ENABLED)
VALUES(1, 'admin@gmail.com', '$2a$10$2kxpRTPLxaLhMc3sz1rjxenIPJl6bL4RfOGLzU4tMyfFgTeC.wTpi', true)
    ON CONFLICT (EMAIL) DO NOTHING;

INSERT INTO WLT_ROLE(ID, NAME)
VALUES (1, 'ADMIN')
    ON CONFLICT (NAME) DO NOTHING;

INSERT INTO WLT_ROLE(ID, NAME)
VALUES (2, 'USER')
    ON CONFLICT (NAME) DO NOTHING;

INSERT INTO WLT_ROLE(ID, NAME)
VALUES (3, 'SUPER_ADMIN')
    ON CONFLICT (NAME) DO NOTHING;

INSERT INTO WLT_USER_ROLE(USER_ID, ROLE_ID)
VALUES(1, 3)
    ON CONFLICT (USER_ID, ROLE_ID) DO NOTHING;

INSERT INTO WLT_PERMISSION (ID, NAME)
VALUES(1, 'MAKE_FUND_TRANSFER')
    ON CONFLICT (NAME) DO NOTHING;

INSERT INTO WLT_PERMISSION (ID, NAME)
VALUES(2, 'GEN_GIFT_CODE')
    ON CONFLICT (NAME) DO NOTHING;

INSERT INTO WLT_PERMISSION (ID, NAME)
VALUES(3, 'GRANT_PERMISSION')
    ON CONFLICT (NAME) DO NOTHING;

INSERT INTO WLT_PERMISSION (ID, NAME)
VALUES(4, 'REDEEM_GIFT_CODE')
    ON CONFLICT (NAME) DO NOTHING;

INSERT INTO WLT_ROLE_PERMISSION (ROLE_ID, PERMISSION_ID)
VALUES (1, 1)
    ON CONFLICT (ROLE_ID, PERMISSION_ID) DO NOTHING;

INSERT INTO WLT_ROLE_PERMISSION (ROLE_ID, PERMISSION_ID)
VALUES (1, 2)
    ON CONFLICT (ROLE_ID, PERMISSION_ID) DO NOTHING;;

INSERT INTO WLT_ROLE_PERMISSION (ROLE_ID, PERMISSION_ID)
VALUES (1, 4)
    ON CONFLICT (ROLE_ID, PERMISSION_ID) DO NOTHING;;

INSERT INTO WLT_ROLE_PERMISSION (ROLE_ID, PERMISSION_ID)
VALUES (2, 1)
    ON CONFLICT (ROLE_ID, PERMISSION_ID) DO NOTHING;;

INSERT INTO WLT_ROLE_PERMISSION (ROLE_ID, PERMISSION_ID)
VALUES (2, 4)
    ON CONFLICT (ROLE_ID, PERMISSION_ID) DO NOTHING;;

INSERT INTO WLT_ROLE_PERMISSION (ROLE_ID, PERMISSION_ID)
VALUES (3, 1)
    ON CONFLICT (ROLE_ID, PERMISSION_ID) DO NOTHING;;

INSERT INTO WLT_ROLE_PERMISSION (ROLE_ID, PERMISSION_ID)
VALUES (3, 2)
    ON CONFLICT (ROLE_ID, PERMISSION_ID) DO NOTHING;;

INSERT INTO WLT_ROLE_PERMISSION (ROLE_ID, PERMISSION_ID)
VALUES (3, 3)
    ON CONFLICT (ROLE_ID, PERMISSION_ID) DO NOTHING;;

INSERT INTO WLT_ROLE_PERMISSION (ROLE_ID, PERMISSION_ID)
VALUES (3, 4)
    ON CONFLICT (ROLE_ID, PERMISSION_ID) DO NOTHING;;


